{
  "model": "v11-experts23",
  "parallel": 10,
  "elapsed_seconds": 26.093794700005674,
  "completion_tokens": 2560,
  "aggregate_tokens_per_second": 98.10761636748232,
  "stream_tokens_per_second": [
    12.138810872566287,
    12.137077582103759,
    12.130726416440702,
    12.1353447865607,
    12.1353447865607,
    12.128995433789953,
    12.130149367329466,
    12.127841719775516,
    12.133612485725163,
    12.126688225223512
  ]
}
