{
  "model": "v11-experts23",
  "parallel": 8,
  "elapsed_seconds": 21.028985299999476,
  "completion_tokens": 2048,
  "aggregate_tokens_per_second": 97.38938758971176,
  "stream_tokens_per_second": [
    15.269011121130147,
    15.336500872075542,
    15.332812218146834,
    15.322677562792935,
    15.31623520932188,
    15.311636844001441,
    15.32451923076923,
    15.32451923076923
  ]
}
